100120,Intellijent Investor,Benjamin Graham
100221,Think And Grow Rich,Napolean Hill
541000,The Secret,Graham
541000,The Secret,Graham
541000,The Secret,Graham
541000,The Secret,Graham
141312629,The Changeling Sea,Patricia A. McKillip
595321801,The Changeling,Zilpha Keatley Snyder
1590301943,The Changeling,Kate Horsley
449146979,The Changeling (Daughters of England  #15),Philippa Carr
61159174,The Known World,Edward P. Jones
006076273X,The Known World,Edward P. Jones/Kevin R. Free
60749911,The Known World,Edward P. Jones
541000,The Secret,Graham
100221,Test,Test Author,Wrong,Entry
